"Saved return ID","Store","Order number","Total (as entered)","Order date","Return window (days)","Recorded window source","Return deadline","Created at"
"A-first-year","Bøøk, ""North""
Second line","","","1000-01-01","1","default","1000-01-02","2026-10-08T07:08:09.123+05:30"
"B-century-leap","Café / 𝄞 / 😀","0000123","001.00","2000-02-28","1","policy","2000-02-29","2026-10-08T07:08:09.123+05:30"
"I-year-change","Local saved fields","001e3","1,234.50","2023-12-31","1","default","2024-01-01","2026-10-08T07:08:09.123+05:30"
"C-leap","'	Tabbed","'Return","'
New","2024-02-28","2","user","2024-03-01","2026-10-08T07:08:09.123+05:30"
"D-spring","'=SUM(1,2)","' 	@id","' -001.50","2024-03-09","2","default","2024-03-11","2026-10-08T07:08:09.123+05:30"
"E-autumn","'+1","00123","'-12.50","2024-11-02","2","policy","2024-11-04","2026-10-08T07:08:09.123+05:30"
"H-end-month","literal tab	here","quoted ""ID""","$0.00","2026-01-31","30","default","2026-03-02","2026-10-08T07:08:09.123+05:30"
"Z-tie","' ﻿=SUM(1,2)","","","2026-10-08","30","policy","2026-11-07","2026-10-08T07:08:09.123+05:30"
"a-tie","Line one
=not-first","line separator","14.2","2026-10-08","30","user","2026-11-07","2026-10-08T07:08:09.123+05:30"
"z-tie","'=1+1","a,b""c","12.50","2026-10-08","30","default","2026-11-07","2026-10-08T07:08:09.123+05:30"
"F-century-common","'​@store","'﻿ +1","0.00","2100-02-28","1","default","2100-03-01","2026-10-08T07:08:09.123+05:30"
"G-last-year","Ending","00000","001.0","9999-12-30","1","user","9999-12-31","2026-10-08T07:08:09.123+05:30"
